camera_id,camera_name,caltrans_name,route,direction,corridor,county,latitude,longitude,stream_url,still_url,weather_station
tvd01,Bay Bridge approach (Fremont St),TVD01 -- I-80 : Fremont,I-80,West,I-80 Bay Bridge,San Francisco,37.78537,-122.39244,https://wzmedia.dot.ca.gov/D4/W80_at_Fremont_St_Ofr.stream/playlist.m3u8,https://cwwp2.dot.ca.gov/data/d4/cctv/image/tvd01i80fremont/tvd01i80fremont.jpg,KOAK
tv516,I-80 Berkeley (Ashby),TV516 -- I-80 : West of Ashby Avenue,I-80,East,I-80 East Shore,Alameda,37.84672,-122.29806,https://wzmedia.dot.ca.gov/D4/E80_JWO_ASHBY_Av.stream/playlist.m3u8,https://cwwp2.dot.ca.gov/data/d4/cctv/image/tv516i80westofashbyavenue/tv516i80westofashbyavenue.jpg,KOAK
tv515,I-80 Albany (Gilman St),TV515 -- I-80 : Gilman Street,I-80,West,I-80 East Shore,Alameda,37.87775,-122.30771,https://wzmedia.dot.ca.gov/D4/W80_at_Gilman_St.stream/playlist.m3u8,https://cwwp2.dot.ca.gov/data/d4/cctv/image/tv515i80gilmanstreet/tv515i80gilmanstreet.jpg,KOAK
tv711,I-880 Alameda (Paseo Grande),TV711 -- I-880 : Paseo Grande Overcross,I-880,South,I-880 Nimitz,Alameda,37.68112,-122.12463,https://wzmedia.dot.ca.gov/D4/S880_at_Paseo_Grande_OC.stream/playlist.m3u8,https://cwwp2.dot.ca.gov/data/d4/cctv/image/tv711i880paseograndeovercross/tv711i880paseograndeovercross.jpg,KHWD
tv704,I-880 Hayward (SR-92),TV704 -- I-880 : AT JCT-92,I-880,South,I-880 Nimitz,Alameda,37.645829,-122.094898,https://wzmedia.dot.ca.gov/D4/S880_at_JCT_92.stream/playlist.m3u8,https://cwwp2.dot.ca.gov/data/d4/cctv/image/tv704i880atjct92/tv704i880atjct92.jpg,KHWD
tvc48,I-880 San Jose (SR-17/I-280),TVC48 -- I-880 : SR-17 / I-280,I-880,North,I-880 Nimitz,Santa Clara,37.319965,-121.940118,https://wzmedia.dot.ca.gov/D4/N880_at_880_17_280.stream/playlist.m3u8,https://cwwp2.dot.ca.gov/data/d4/cctv/image/tvc48i880sr17i280/tvc48i880sr17i280.jpg,KSJC
tv302,US-101 SF (17th St),TV302 -- US-101 : 17th Street,US-101,South,US-101 San Francisco,San Francisco,37.764283,-122.405225,https://wzmedia.dot.ca.gov/D4/S101_at_17th_St.stream/playlist.m3u8,https://cwwp2.dot.ca.gov/data/d4/cctv/image/tv302us10117thstreet/tv302us10117thstreet.jpg,KSFO
tv305,US-101 SF (Candlestick),TV305 -- US-101 : Just North of Candlestick Park,US-101,North,US-101 San Francisco,San Francisco,37.71069,-122.39526,https://wzmedia.dot.ca.gov/D4/N101_at_Candlestick_Park.stream/playlist.m3u8,https://cwwp2.dot.ca.gov/data/d4/cctv/image/tv305us101justnorthofcandlestickpark/tv305us101justnorthofcandlestickpark.jpg,KSFO
tv406,US-101 Burlingame (Airport Bl),TV406 -- US-101 : AT AIRPORT BL,US-101,South,US-101 Peninsula,San Mateo,37.650235,-122.407093,https://wzmedia.dot.ca.gov/D4/S101_at_Airport_Bl.stream/playlist.m3u8,https://cwwp2.dot.ca.gov/data/d4/cctv/image/tv406us101atairportbl/tv406us101atairportbl.jpg,KSFO
tv432,US-101 Menlo Park (Marsh Rd),TV432 -- US-101 : Marsh Road,US-101,North,US-101 Peninsula,San Mateo,37.48361,-122.1803,https://wzmedia.dot.ca.gov/D4/N101_at_Marsh_Rd.stream/playlist.m3u8,https://cwwp2.dot.ca.gov/data/d4/cctv/image/tv432us101marshroad/tv432us101marshroad.jpg,KSQL
tvc70,US-101 San Jose (Alum Rock),TVC70 -- US-101 : Alum Rock Avenue,US-101,North,US-101 South Bay,Santa Clara,37.35023,-121.86138,https://wzmedia.dot.ca.gov/D4/N101_at_Alum_Rock_Av.stream/playlist.m3u8,https://cwwp2.dot.ca.gov/data/d4/cctv/image/tvc70us101alumrockavenue/tvc70us101alumrockavenue.jpg,KRHV
tv327,I-280 Daly City (John Daly Bl),TV327 -- I-280 : John Daly Blvd,I-280,South,I-280,San Francisco,37.71046,-122.4654,https://wzmedia.dot.ca.gov/D4/S280_at_John_Daly_Bl.stream/playlist.m3u8,https://cwwp2.dot.ca.gov/data/d4/cctv/image/tv327i280johndalyblvd/tv327i280johndalyblvd.jpg,KSFO
tvb91,I-280 San Jose (Stevens Creek),TVB91 -- I-280 : At Stevens Creek Onramp,I-280,North,I-280,Santa Clara,37.323329,-121.99904,https://wzmedia.dot.ca.gov/D4/N280_at_Stevens_Creek_OR.stream/playlist.m3u8,https://cwwp2.dot.ca.gov/data/d4/cctv/image/tvb91i280atstevenscreekonramp/tvb91i280atstevenscreekonramp.jpg,KSJC
tv216,I-680 Walnut Creek (N Main St),TV216 -- I-680 : North Main Street,I-680,South,I-680,Contra Costa,37.91497,-122.06656,https://wzmedia.dot.ca.gov/D4/S680_at_N_Main_St.stream/playlist.m3u8,https://cwwp2.dot.ca.gov/data/d4/cctv/image/tv216i680northmainstreet/tv216i680northmainstreet.jpg,KCCR
tv818,I-680 Concord (Monument Bl),TV818 -- I-680 : North Of Monument Blvd,I-680,South,I-680,Contra Costa,37.950758,-122.05631,https://wzmedia.dot.ca.gov/D4/S680_NOF_Monument_Bl.stream/playlist.m3u8,https://cwwp2.dot.ca.gov/data/d4/cctv/image/tv818i680northofmonumentblvd/tv818i680northofmonumentblvd.jpg,KCCR
tva40,I-580 Oakland (High St),TVA40 -- I-580 : High Street,I-580,East,I-580,Alameda,37.786788,-122.19642,https://wzmedia.dot.ca.gov/D4/E580_at_High_St.stream/playlist.m3u8,https://cwwp2.dot.ca.gov/data/d4/cctv/image/tva40i580highstreet/tva40i580highstreet.jpg,KOAK
tva24,I-580 Livermore (El Charro Rd),TVA24 -- I-580 : East Of El Charro Road,I-580,East,I-580,Alameda,37.700833,-121.834103,https://wzmedia.dot.ca.gov/D4/E580_EOF_El_Charro_Rd.stream/playlist.m3u8,https://cwwp2.dot.ca.gov/data/d4/cctv/image/tva24i580eastofelcharroroad/tva24i580eastofelcharroroad.jpg,KLVK
tve01,SR-92 San Mateo (Foster City Bl),TVE01 -- SR-92 : Just West Of Foster City Blvd,SR-92,East,SR-92 / San Mateo Bridge,San Mateo,37.560082,-122.278486,https://wzmedia.dot.ca.gov/D4/E92_JWO_Foster_City_Bl.stream/playlist.m3u8,https://cwwp2.dot.ca.gov/data/d4/cctv/image/tve01sr92justwestoffostercityblvd/tve01sr92justwestoffostercityblvd.jpg,KSQL
tvc98,SR-237 San Jose (N First St),TVC98 -- SR-237 : North First Street,SR-237,West,SR-237,Santa Clara,37.419667,-121.959767,https://wzmedia.dot.ca.gov/D4/W237_at_N_First_Street.stream/playlist.m3u8,https://cwwp2.dot.ca.gov/data/d4/cctv/image/tvc98sr237northfirststreet/tvc98sr237northfirststreet.jpg,KSJC
tve73,US-101 Marin (Spencer Av),TVE73 -- US-101 : Spencer Avenue,US-101,North,US-101 Marin,Marin,37.85081,-122.48975,https://wzmedia.dot.ca.gov/D4/N101_at_Spencer_Av.stream/playlist.m3u8,https://cwwp2.dot.ca.gov/data/d4/cctv/image/tve73us101spenceravenue/tve73us101spenceravenue.jpg,KOAK
