station_id,station_name,latitude,longitude
KSFO,"San Francisco, San Francisco International Airport",37.61961,-122.36558
KOAK,San Francisco Bay Oakland International Airport,37.72126,-122.22115
KSJC,"San Jose, San Jose International Airport",37.35917,-121.92417
KCCR,"Concord, Buchanan Field",37.99167,-122.05194
KLVK,"Livermore, Livermore Municipal Airport",37.69278,-121.81444
KHWD,"Hayward, Hayward Air Terminal",37.66083,-122.11833
KSQL,San Carlos Airport,37.51667,-122.25
KDVO,Novato / Gnoss Field,38.14178,-122.55463
KAPC,"Napa, Napa County Airport",38.2075,-122.27944
KNUQ,"Mountain View, Moffett Field",37.40583,-122.04806
KRHV,San Jose / Reid / Hillv,37.33333,-121.81667
